Output,Python Platform,Python Version,xml.sax,xml.dom.minidom,ecoxipy.dom_output,ecoxipy.pyxom.output,ecoxipy.string_output,Repetitions,Data Count
Bytes,PyPy 2.1.0,2.7.3,5.26868200302,10.2397639751,6.88409590721,7.13897395134,3.46293616295,1000,15
Bytes,CPython,3.3.3,10.483041183004389,21.522985274001257,25.71542075900652,19.52637561800657,11.509445853997022,1000,15
Bytes,CPython,2.7.6,15.0092320442,24.6797831059,28.8501579762,22.3574099541,11.7124118805,1000,15
Native,PyPy 2.1.0,2.7.3,5.10501694679,2.01622700691,3.69500088692,3.18118810654,3.33787083626,1000,15
Native,CPython,3.3.3,10.433943003998138,11.287891396001214,16.19448934600223,9.783432836993597,11.68357035900408,1000,15
Native,CPython,2.7.6,14.9535050392,10.3456320763,15.5803489685,13.234607935,11.6656780243,1000,15
