Output,Python Platform,Python Version,xml.sax,xml.dom.minidom,ecoxipy.dom_output,ecoxipy.pyxom.output,ecoxipy.string_output,Repetitions,Data Count
Bytes,PyPy 2.1.0,2.7.3,5.24473404884,10.3784821033,6.85222196579,6.2400598526,3.45836400986,1000,15
Bytes,CPython,3.3.3,10.955079759994987,21.591152673994657,25.63574562499707,21.336552720007603,11.469919826005935,1000,15
Bytes,CPython,2.7.6,15.1303639412,24.9592139721,29.3647119999,24.060614109,11.7698369026,1000,15
Native,PyPy 2.1.0,2.7.3,5.24500107765,2.06966090202,3.98196578026,2.34519505501,3.45280790329,1000,15
Native,CPython,3.3.3,10.617794978999882,10.56218835900654,15.623444022989133,11.83028035100142,11.778431476996047,1000,15
Native,CPython,2.7.6,14.9093790054,10.1474158764,15.6134119034,14.9290981293,11.7760391235,1000,15
