Output,Python Platform,Python Version,xml.sax,xml.dom.minidom,ecoxipy.dom_output,ecoxipy.pyxom.output,ecoxipy.string_output,Repetitions,Data Count
Bytes,PyPy 2.1.0,2.7.3,18.893846035,30.9670159817,21.8840899467,18.8700630665,11.521556139,2000,20
Bytes,CPython,3.3.3,37.044212758002686,75.94184890500037,90.05254069199145,75.33964593599376,40.101544498000294,2000,20
Bytes,CPython,2.7.6,52.6226358414,88.1016681194,103.549021006,83.709004879,40.7473759651,2000,20
Native,PyPy 2.1.0,2.7.3,17.9971430302,7.41366910934,10.826155901,6.29678010941,11.5231699944,2000,20
Native,CPython,3.3.3,37.798889380996116,37.47716961000697,54.3987862070062,40.618562849995214,40.27299662800215,2000,20
Native,CPython,2.7.6,52.4933102131,36.0587890148,55.6238331795,52.1229629517,41.3240480423,2000,20
