Output,Python Platform,Python Version,xml.sax,xml.etree,xml.dom.minidom,ecoxipy.dom_output,ecoxipy.etree_output,ecoxipy.pyxom.output,ecoxipy.string_output,Repetitions,Data Count
Bytes,PyPy 2.1.0,2.7.3,5.44363307953,3.48332810402,10.4529628754,6.76849102974,2.89449000359,6.17351913452,3.45592904091,1000,15
Bytes,CPython,3.3.3,10.79810789799376,6.445872927986784,21.85638436600857,25.860678405995714,12.988249419999192,19.982158931001322,11.464693914997042,1000,15
Bytes,CPython,2.7.6,15.2158489227,6.24975800514,24.9506931305,29.2393019199,13.60607481,21.2489290237,11.678524971,1000,15
Native,PyPy 2.1.0,2.7.3,5.06539106369,0.196405172348,2.06679296494,3.79721403122,1.460958004,2.0818259716,3.33508396149,1000,15
Native,CPython,3.3.3,10.66933854400122,0.6730547769984696,10.693282328997157,15.49224764999235,7.480055812004139,10.538479786002426,11.494958515992039,1000,15
Native,CPython,2.7.6,15.0221560001,0.981904029846,10.110916853,15.6703679562,8.87059903145,12.0356259346,11.7435970306,1000,15
