Repetitions,Data Count,xml.sax,xml.dom.minidom,ecoxipy.dom_output,ecoxipy_element_output,ecoxipy_string_output
200,2,0.157617092133,0.157427787781,0.208935976028,0.258892059326,0.109443902969
200,8,1.09530496597,1.19749808311,1.66447997093,1.83625793457,0.971810102463
200,24,8.57419586182,9.72608494759,13.4643940926,14.7066299915,8.29254198074
