Output,Python Platform,Python Version,xml.sax,xml.etree,xml.dom.minidom,ecoxipy.dom_output,ecoxipy.etree_output,ecoxipy.pyxom.output,ecoxipy.string_output,Repetitions,Data Count
Bytes,PyPy 2.1.0,2.7.3,5.22386193275,3.40699195862,10.3257241249,6.79140615463,3.00361299515,6.05986714363,3.49486899376,1000,15
Bytes,CPython,3.3.3,10.937242112995591,6.4032420629955595,21.537383219998446,25.713572672990267,13.154224994010292,19.975293069001054,11.57663373000105,1000,15
Bytes,CPython,2.7.6,15.244355917,6.24397206306,25.0116121769,29.1360340118,13.6229670048,21.1369459629,11.7838129997,1000,15
Native,PyPy 2.1.0,2.7.3,5.1190340519,0.216711044312,2.03354310989,3.90861415863,1.44142508507,2.06293106079,3.3366189003,1000,15
Native,CPython,3.3.3,10.669141954000224,0.6975836650090059,10.684392479000962,15.84960900900478,7.677440913001192,10.377446951009915,11.663635933000478,1000,15
Native,CPython,2.7.6,14.9278550148,0.978218078613,10.2013549805,15.7596521378,9.02485084534,12.1321108341,11.7113199234,1000,15
