Output,Python Platform,Python Version,xml.sax,xml.dom.minidom,ecoxipy.dom_output,ecoxipy.pyxom.output,ecoxipy.string_output,Repetitions,Data Count
Bytes,PyPy 2.1.0,2.7.3,5.09890222549,10.1320421696,8.20139217377,8.11509799957,4.76709508896,1000,15
Bytes,CPython,3.3.3,10.798946361999697,21.345464259999062,29.147089370000685,22.971566101999997,15.097792302000016,1000,15
Bytes,CPython,2.7.6,14.7274258137,25.1224238873,31.9228308201,24.9567470551,14.8758080006,1000,15
Native,PyPy 2.1.0,2.7.3,5.07208299637,1.98686909676,4.85644102097,3.93303394318,5.1149430275,1000,15
Native,CPython,3.3.3,10.583802295999703,10.551533124998969,18.660727824999412,13.03454253900054,15.175947495999935,1000,15
Native,CPython,2.7.6,14.7650690079,10.1070799828,18.0034048557,15.4794888496,14.6940851212,1000,15
