Output,Python Platform,Python Version,xml.sax,xml.dom.minidom,ecoxipy.dom_output,ecoxipy.pyxom.output,ecoxipy.string_output,Repetitions,Data Count
Bytes,PyPy 2.1.0,2.7.3,5.114153862,10.3953399658,7.32592487335,7.23973107338,3.94438791275,1000,15
Bytes,CPython,3.3.3,10.605954946004204,21.401915445996565,27.066688459002762,20.804671106998285,13.22241439299978,1000,15
Bytes,CPython,2.7.6,15.1337299347,24.8304519653,30.3005919456,23.0262010098,13.1358990669,1000,15
Native,PyPy 2.1.0,2.7.3,5.22727203369,2.04224514961,4.27126216888,3.21564102173,3.99961805344,1000,15
Native,CPython,3.3.3,10.982168387999991,10.788431544999185,16.870652650999546,11.20265387299878,13.076146023995534,1000,15
Native,CPython,2.7.6,14.8300969601,10.2917220592,16.8091700077,14.188860178,13.1485390663,1000,15
