Repetitions,Data Count,xml.sax,xml.dom.minidom,ecoxipy.dom_output,ecoxipy_element_output,ecoxipy_string_output
100,5,0.247638940811,0.266804933548,0.375411987305,0.420542001724,0.218407154083
100,10,0.803200006485,0.961946964264,1.25181603432,1.41299700737,0.769124031067
100,15,1.72939610481,1.96092700958,2.71519994736,3.00594997406,1.66086697578
100,20,3.04819488525,3.4030649662,4.74307703972,5.25350189209,2.92496705055
