Output,Python Platform,Python Version,xml.sax,xml.etree,xml.dom.minidom,ecoxipy.dom_output,ecoxipy.etree_output,ecoxipy.pyxom.output,ecoxipy.string_output,Repetitions,Data Count
Bytes,PyPy 2.1.0,2.7.3,5.36374092102,3.42673802376,10.2791888714,6.7389550209,2.74161601067,6.10677599907,3.47056388855,1000,15
Bytes,CPython,3.3.3,10.594929829996545,6.423137698002392,21.690592639002716,25.315432167000836,11.762841758987634,19.795425774005707,10.980566170997918,1000,15
Bytes,CPython,2.7.6,15.110337019,6.26055192947,24.8478131294,28.8521380424,12.1744430065,20.7831950188,11.3158619404,1000,15
Native,PyPy 2.1.0,2.7.3,5.04211711884,0.203023910522,2.03385901451,3.85582399368,1.18903183937,2.09116196632,3.32814002037,1000,15
Native,CPython,3.3.3,10.57541912898887,0.6641164020111319,10.366910523996921,14.917359234998003,6.130551937007112,9.720975139003713,10.952285289007705,1000,15
Native,CPython,2.7.6,14.9126648903,0.987380027771,10.4111018181,15.3333091736,7.49845695496,11.6406769753,11.2777059078,1000,15
