Output,Python Platform,Python Version,xml.sax,xml.dom.minidom,ecoxipy.dom_output,ecoxipy.element_output,ecoxipy.string_output,Repetitions,Data Count
Bytes,PyPy 2.0.0,2.7.3,5.48737096786,11.2712800503,9.58486485481,7.2527551651,4.87622499466,1000,15
Bytes,CPython,3.3.1,10.37391246901825,21.845328964060172,29.226065842085518,17.650236484012567,14.000067683053203,1000,15
Bytes,CPython,2.7.4,14.3286399841,24.472867012,31.496984005,20.693543911,14.354970932,1000,15
Native,PyPy 2.0.0,2.7.3,5.47861599922,2.51544308662,5.19523286819,3.36968803406,4.85961294174,1000,15
Native,CPython,3.3.1,10.41113929299172,10.374249992892146,18.535464001004584,8.749144574045204,14.032800012966618,1000,15
Native,CPython,2.7.4,14.3299098015,9.47505307198,17.7601718903,11.0985701084,14.6426179409,1000,15
