Output,Python Platform,Python Version,xml.sax,xml.dom.minidom,ecoxipy.dom_output,ecoxipy.pyxom.output,ecoxipy.string_output,Repetitions,Data Count
Bytes,PyPy 2.0.0,2.7.3,5.70787596703,11.0568099022,9.57257986069,8.7628262043,5.36068511009,1000,15
Bytes,CPython,3.3.1,10.360461371019483,21.379320194013417,28.61298973299563,21.857335839187726,14.46228750795126,1000,15
Bytes,CPython,2.7.4,14.382958889,24.0013120174,31.0618700981,24.223761797,14.9649028778,1000,15
Native,PyPy 2.0.0,2.7.3,5.37684583664,2.44485116005,5.38675785065,4.61329603195,5.2406938076,1000,15
Native,CPython,3.3.1,10.480623265961185,10.362684125080705,18.247733207186684,11.95452720602043,14.488978578941897,1000,15
Native,CPython,2.7.4,14.6876628399,9.54069495201,17.6071140766,15.4449110031,14.8596639633,1000,15
