Output,Python Platform,Python Version,xml.sax,xml.dom.minidom,ecoxipy.dom_output,ecoxipy.pyxom.output,ecoxipy.string_output,Repetitions,Data Count
Bytes,PyPy 2.1.0,2.7.3,11.1470558643,21.8621001244,15.0212581158,12.9978141785,7.50098586082,5000,10
Bytes,CPython,3.3.3,25.07341424599872,50.21483937899757,59.629467172999284,46.548578494999674,27.08775209900341,5000,10
Bytes,CPython,2.7.6,35.1327240467,56.9895350933,67.675688982,49.3226969242,27.25680089,5000,10
Native,PyPy 2.1.0,2.7.3,11.1459150314,3.58090209961,6.06051492691,3.62665009499,7.30681395531,5000,10
Native,CPython,3.3.3,24.971826932000113,23.991384900000412,35.66601764499501,23.939636936003808,26.818745404991205,5000,10
Native,CPython,2.7.6,34.9221820831,23.0097761154,36.4947619438,28.1444721222,27.2947452068,5000,10
