Output,Python Platform,Python Version,xml.sax,xml.etree,xml.dom.minidom,ecoxipy.dom_output,ecoxipy.etree_output,ecoxipy.pyxom.output,ecoxipy.string_output,Repetitions,Data Count
Bytes,PyPy 2.2.1,2.7.3,7.18273019791,3.97016906738,10.4335529804,6.8653819561,2.87404894829,6.54927921295,3.54612112045,1000,15
Bytes,CPython,3.3.4,11.0673058249522,6.5979818711057305,22.064721622969955,26.600421846145764,12.691438803914934,20.413166159996763,13.227576042059809,1000,15
Bytes,CPython,2.7.6,15.5763039589,6.37895488739,24.7564401627,29.2696290016,12.6537110806,20.9513409138,12.7562479973,1000,15
Native,PyPy 2.2.1,2.7.3,4.66353201866,0.195282936096,2.05940914154,3.55015611649,1.24745512009,2.33800601959,3.36581015587,1000,15
Native,CPython,3.3.4,10.906926941126585,0.6774047110229731,10.892143435077742,15.67811714997515,6.966273576952517,10.262865253956988,11.799368139123544,1000,15
Native,CPython,2.7.6,15.2209401131,0.967595815659,9.92771196365,15.5506289005,7.70124697685,11.9432828426,11.4942350388,1000,15
