Output,Python Platform,Python Version,xml.sax,xml.dom.minidom,ecoxipy.dom_output,ecoxipy.pyxom.output,ecoxipy.string_output,Repetitions,Data Count
Bytes,PyPy 2.1.0,2.7.3,4.97975707054,9.68525409698,7.97725105286,7.53614211082,4.61161398888,1000,15
Bytes,CPython,3.3.1,10.085850723087788,21.606567084090784,28.84947245195508,22.169882433023304,14.812358079943806,1000,15
Bytes,CPython,2.7.4,14.3283019066,24.0814750195,31.2016189098,24.1842339039,14.9928178787,1000,15
Native,PyPy 2.1.0,2.7.3,4.89950180054,1.93181014061,4.69807195663,3.73260807991,4.71936893463,1000,15
Native,CPython,3.3.1,10.034790864912793,10.439037180040032,18.359990736935288,12.43925638590008,14.78322584903799,1000,15
Native,CPython,2.7.4,14.3289039135,9.70389795303,17.7097120285,15.4450659752,14.83329916,1000,15
