Output,Python Platform,Python Version,xml.sax,xml.dom.minidom,ecoxipy.dom_output,ecoxipy.pyxom.output,ecoxipy.string_output,Repetitions,Data Count
Bytes,PyPy 2.1.0,2.7.3,5.31475901604,10.5921199322,6.83323907852,7.28848195076,3.41310596466,1000,15
Bytes,CPython,3.3.3,10.880381327995565,21.50579178199405,25.597792609012686,19.248693178000394,11.528770167002222,1000,15
Bytes,CPython,2.7.6,15.2730569839,24.9016060829,29.1786260605,22.4302101135,11.7201111317,1000,15
Native,PyPy 2.1.0,2.7.3,5.19449305534,2.04776406288,3.82588601112,3.13776302338,3.55023503304,1000,15
Native,CPython,3.3.3,10.739508653990924,10.739661457992042,15.651756783991004,9.760364845002186,11.610657316996367,1000,15
Native,CPython,2.7.6,14.9150841236,10.0466639996,15.6126599312,13.4996318817,11.7027080059,1000,15
